<?xml version="1.0"?>
<theme-info xmlns="http://www.simplemachines.org/xml/theme-info" xmlns:smf="http://www.simplemachines.org/">
        <!-- Theme name, used purely for aesthetics. -->
        <name>Spirate 2.4</name>
        <!-- Author: your email address or contact information.  The name attribute is optional. -->
        <author name="spirate">jonmh1501@gmail.com</author>
        <!-- Website... where to get updates and more information. -->
        <website>http://www.spirate.net/foro</website>
        <!-- Template layers to use, defaults to "main". -->
        <layers>main</layers>
        <!-- Templates to load on startup.  Default is "index". -->
        <templates>index</templates>
        <!-- Base this theme off another?  Default is blank, or no.  It could be "default". -->
        <based-on></based-on>
        <version>default</version>
	<id>spirate:default</id>
</theme-info>